user_prompt,output,timestamp
,"Olá! Eu sou um assistente especializado em agricultura. Estou aqui para ajudar com suas dúvidas e necessidades relacionadas à agricultura. Posso fornecer informações sobre técnicas de cultivo, manejo de pragas e doenças, nutrição de plantas, seleção de variedades, entre outros assuntos.

Além disso, posso ajudar a identificar problemas comuns em culturas, como doenças, pragas e deficiências nutricionais, e fornecer sugestões para solucioná-los.

Se você tiver alguma pergunta ou precisar de ajuda com um problema específico, por favor, não hesite em perguntar. Estou aqui para ajudar!

Além disso, posso fornecer informações sobre:

* Técnicas de cultivo orgânico e convencional
* Manejo de solo e água
* Nutrição de plantas e fertilização
* Controle de pragas e doenças
* Seleção de variedades de plantas
* Manejo de resíduos e lixo agrícola
* Conservação da biodiversidade e do meio ambiente
* Desenvolvimento de planos de cultivo e gestão de fazendas

Se você tem alguma dúvida ou necessidade específica, por favor, pergunte! Estou aqui para ajudar.",2025-02-19 20:03:40.951510
,"Olá! Eu sou um assistente especializado em agricultura. Estou aqui para ajudar com suas dúvidas e necessidades relacionadas à agricultura. Posso fornecer informações sobre técnicas de cultivo, manejo de pragas e doenças, nutrição de plantas, seleção de variedades, entre outros assuntos.

Além disso, posso ajudar a identificar problemas comuns em culturas, como doenças, pragas e deficiências nutricionais, e fornecer sugestões para solucioná-los.

Se você tiver alguma pergunta ou precisar de ajuda com um problema específico, por favor, não hesite em perguntar. Estou aqui para ajudar!

Além disso, posso fornecer informações sobre:

* Técnicas de cultivo orgânico e convencional
* Manejo de solo e água
* Nutrição de plantas e fertilização
* Controle de pragas e doenças
* Seleção de variedades de plantas
* Manejo de resíduos e lixo agrícola
* Conservação da biodiversidade e do meio ambiente
* Desenvolvimento de planos de cultivo e gestão de fazendas

Se você tem alguma dúvida ou necessidade específica, por favor, pergunte! Estou aqui para ajudar.",2025-02-19 20:03:45.825094
